{
  "val_loss": 0.09001803745946116,
  "val_acc": 0.9725395430579965,
  "detailed_metrics": {
    "class_metrics": {
      "precision": [
        0.9933745583038869,
        0.9519230769230769
      ],
      "recall": [
        0.9533700720644341,
        0.9931600547195623
      ],
      "f1": [
        0.972961280553753,
        0.9721044409729971
      ],
      "false_negative_rate": [
        0.04662992793556586,
        0.0068399452804377425
      ],
      "false_positive_rate": [
        0.006839945280437756,
        0.04662992793556592
      ],
      "support": [
        2359,
        2193
      ]
    },
    "macro_metrics": {
      "precision": 0.9726488176134819,
      "recall": 0.9732650633919981,
      "f1": 0.972532860763375
    }
  },
  "confusion_matrix": [
    [
      2249,
      110
    ],
    [
      15,
      2178
    ]
  ]
}