{
  "timestamp": "20250515_191535",
  "metrics": {
    "epochs": [
      31,
      32,
      33,
      34,
      35,
      36,
      37,
      38,
      39,
      40
    ],
    "train_loss": [
      0.15745423992007798,
      0.15856865990391725,
      0.15913997757428952,
      0.1483262936079959,
      0.15303792766093108,
      0.1439631373479211,
      0.1481862371642354,
      0.13825630361000862,
      0.137900197152697,
      0.13827155858661322
    ],
    "train_acc": [
      0.9313962429968142,
      0.9312863891024937,
      0.9302977040536087,
      0.9363945951883994,
      0.9359002526639569,
      0.9387564539162914,
      0.9353509831923542,
      0.940074700648138,
      0.9429858288476326,
      0.9422168515873888
    ],
    "val_loss": [
      0.10901403036917869,
      0.10243557162766193,
      0.08838157550233738,
      0.11644356911232685,
      0.08043516414184353,
      0.08760633535015352,
      0.09353499114513397,
      0.12353201143718562,
      0.08391082290108258,
      0.09001803745946116
    ],
    "val_acc": [
      0.9655096660808435,
      0.968585237258348,
      0.9701230228471002,
      0.9659490333919156,
      0.9729789103690686,
      0.9736379613356766,
      0.9707820738137083,
      0.9619947275922671,
      0.9734182776801406,
      0.9725395430579965
    ]
  },
  "best": {
    "val_acc": 0.9736379613356766,
    "epoch": 36
  },
  "detailed_metrics": {
    "31": {
      "class_metrics": {
        "precision": [
          0.9950539568345323,
          0.9372852233676976
        ],
        "recall": [
          0.9381093683764307,
          0.9949840401276789
        ],
        "f1": [
          0.9657429631245908,
          0.9652731696527317
        ],
        "false_negative_rate": [
          0.06189063162356934,
          0.005015959872321063
        ],
        "false_positive_rate": [
          0.005015959872321021,
          0.06189063162356931
        ],
        "support": [
          2359,
          2193
        ]
      },
      "macro_metrics": {
        "precision": 0.9661695901011149,
        "recall": 0.9665467042520548,
        "f1": 0.9655080663886613
      }
    },
    "32": {
      "class_metrics": {
        "precision": [
          0.9855390008764242,
          0.9515418502202643
        ],
        "recall": [
          0.9533700720644341,
          0.9849521203830369
        ],
        "f1": [
          0.969187675070028,
          0.9679587721263724
        ],
        "false_negative_rate": [
          0.04662992793556586,
          0.015047879616963078
        ],
        "false_positive_rate": [
          0.015047879616963064,
          0.04662992793556592
        ],
        "support": [
          2359,
          2193
        ]
      },
      "macro_metrics": {
        "precision": 0.9685404255483443,
        "recall": 0.9691610962237356,
        "f1": 0.9685732235982002
      }
    },
    "33": {
      "class_metrics": {
        "precision": [
          0.984313725490196,
          0.9556933983163491
        ],
        "recall": [
          0.9576091564222128,
          0.9835841313269493
        ],
        "f1": [
          0.9707778255264289,
          0.969438202247191
        ],
        "false_negative_rate": [
          0.04239084357778722,
          0.01641586867305067
        ],
        "false_positive_rate": [
          0.016415868673050615,
          0.0423908435777872
        ],
        "support": [
          2359,
          2193
        ]
      },
      "macro_metrics": {
        "precision": 0.9700035619032725,
        "recall": 0.970596643874581,
        "f1": 0.9701080138868099
      }
    },
    "34": {
      "class_metrics": {
        "precision": [
          0.9884751773049646,
          0.943815331010453
        ],
        "recall": [
          0.9453158117846545,
          0.9881440948472412
        ],
        "f1": [
          0.9664138678223185,
          0.9654711517041658
        ],
        "false_negative_rate": [
          0.054684188215345486,
          0.011855905152758806
        ],
        "false_positive_rate": [
          0.011855905152758778,
          0.054684188215345486
        ],
        "support": [
          2359,
          2193
        ]
      },
      "macro_metrics": {
        "precision": 0.9661452541577088,
        "recall": 0.9667299533159479,
        "f1": 0.9659425097632421
      }
    },
    "35": {
      "class_metrics": {
        "precision": [
          0.9942528735632183,
          0.9519650655021834
        ],
        "recall": [
          0.9533700720644341,
          0.9940720474236207
        ],
        "f1": [
          0.9733823847652023,
          0.9725630158376087
        ],
        "false_negative_rate": [
          0.04662992793556586,
          0.005927952576379347
        ],
        "false_positive_rate": [
          0.005927952576379389,
          0.04662992793556592
        ],
        "support": [
          2359,
          2193
        ]
      },
      "macro_metrics": {
        "precision": 0.9731089695327009,
        "recall": 0.9737210597440273,
        "f1": 0.9729727003014055
      }
    },
    "36": {
      "class_metrics": {
        "precision": [
          0.9925208974923009,
          0.9548047389205792
        ],
        "recall": [
          0.9563374311148792,
          0.9922480620155039
        ],
        "f1": [
          0.9740932642487047,
          0.9731663685152058
        ],
        "false_negative_rate": [
          0.04366256888512077,
          0.007751937984496138
        ],
        "false_positive_rate": [
          0.007751937984496124,
          0.043662568885120816
        ],
        "support": [
          2359,
          2193
        ]
      },
      "macro_metrics": {
        "precision": 0.97366281820644,
        "recall": 0.9742927465651916,
        "f1": 0.9736298163819552
      }
    },
    "37": {
      "class_metrics": {
        "precision": [
          0.985178727114211,
          0.9561558901682905
        ],
        "recall": [
          0.9580330648579907,
          0.9844961240310077
        ],
        "f1": [
          0.9714162905652267,
          0.9701190743653112
        ],
        "false_negative_rate": [
          0.04196693514200933,
          0.015503875968992276
        ],
        "false_positive_rate": [
          0.015503875968992248,
          0.041966935142009325
        ],
        "support": [
          2359,
          2193
        ]
      },
      "macro_metrics": {
        "precision": 0.9706673086412507,
        "recall": 0.9712645944444992,
        "f1": 0.9707676824652689
      }
    },
    "38": {
      "class_metrics": {
        "precision": [
          0.9743923611111112,
          0.949288256227758
        ],
        "recall": [
          0.9516744383213226,
          0.9730962152302781
        ],
        "f1": [
          0.9628994209736221,
          0.9610448097275388
        ],
        "false_negative_rate": [
          0.04832556167867741,
          0.026903784769721883
        ],
        "false_positive_rate": [
          0.026903784769721842,
          0.04832556167867741
        ],
        "support": [
          2359,
          2193
        ]
      },
      "macro_metrics": {
        "precision": 0.9618403086694346,
        "recall": 0.9623853267758004,
        "f1": 0.9619721153505805
      }
    },
    "39": {
      "class_metrics": {
        "precision": [
          0.9942579505300353,
          0.9527972027972028
        ],
        "recall": [
          0.9542178889359898,
          0.9940720474236207
        ],
        "f1": [
          0.9738265195760328,
          0.9729970988618611
        ],
        "false_negative_rate": [
          0.0457821110640102,
          0.005927952576379347
        ],
        "false_positive_rate": [
          0.005927952576379389,
          0.04578211106401017
        ],
        "support": [
          2359,
          2193
        ]
      },
      "macro_metrics": {
        "precision": 0.9735275766636191,