{
  "val_loss": 0.09873717711659014,
  "val_acc": 0.9652899824253075,
  "detailed_metrics": {
    "class_metrics": {
      "precision": [
        0.9811980760822038,
        0.9492273730684326
      ],
      "recall": [
        0.9512505298855447,
        0.9803921568627451
      ],
      "f1": [
        0.965992251399053,
        0.9645580978017048
      ],
      "false_negative_rate": [
        0.048749470114455296,
        0.019607843137254943
      ],
      "false_positive_rate": [
        0.0196078431372549,
        0.048749470114455275
      ],
      "support": [
        2359,
        2193
      ]
    },
    "macro_metrics": {
      "precision": 0.9652127245753181,
      "recall": 0.9658213433741449,
      "f1": 0.9652751746003789
    }
  },
  "confusion_matrix": [
    [
      2244,
      115
    ],
    [
      43,
      2150
    ]
  ]
}