{
  "val_loss": 0.19887572317425103,
  "val_acc": 0.9237697715289982,
  "detailed_metrics": {
    "class_metrics": {
      "precision": [
        0.9696545284780579,
        0.8829875518672199
      ],
      "recall": [
        0.8804578211106401,
        0.970360237118103
      ],
      "f1": [
        0.9229060208842479,
        0.9246143819248316
      ],
      "false_negative_rate": [
        0.11954217888935992,
        0.02963976288189696
      ],
      "false_positive_rate": [
        0.029639762881896944,
        0.1195421788893599
      ],
      "support": [
        2359,
        2193
      ]
    },
    "macro_metrics": {
      "precision": 0.9263210401726389,
      "recall": 0.9254090291143715,
      "f1": 0.9237602014045397
    }
  },
  "confusion_matrix": [
    [
      2077,
      282
    ],
    [
      65,
      2128
    ]
  ]
}