{
  "val_loss": 0.1189632379042348,
  "val_acc": 0.9586994727592267,
  "detailed_metrics": {
    "class_metrics": {
      "precision": [
        0.9945330296127562,
        0.9253288078065337
      ],
      "recall": [
        0.9253921153030945,
        0.9945280437756497
      ],
      "f1": [
        0.958717610891524,
        0.9586813186813187
      ],
      "false_negative_rate": [
        0.07460788469690549,
        0.005471956224350261
      ],
      "false_positive_rate": [
        0.005471956224350205,
        0.07460788469690546
      ],
      "support": [
        2359,
        2193
      ]
    },
    "macro_metrics": {
      "precision": 0.959930918709645,
      "recall": 0.9599600795393721,
      "f1": 0.9586994647864213
    }
  },
  "confusion_matrix": [
    [
      2183,
      176
    ],
    [
      12,
      2181
    ]
  ]
}