{
  "timestamp": "20250515_180439",
  "metrics": {
    "epochs": [
      16,
      17,
      18,
      19,
      20,
      21,
      22,
      23,
      24,
      25,
      26,
      27,
      28,
      29,
      30
    ],
    "train_loss": [
      0.307014458748216,
      0.29809441859023095,
      0.28649933163273483,
      0.27344238781986635,
      0.26069255164203103,
      0.2647580313090635,
      0.25348994601077984,
      0.24623930531027133,
      0.24258337122659612,
      0.23598202716959815,
      0.2338011782732191,
      0.22239466263778285,
      0.21819961573558236,
      0.20609131791569252,
      0.20900213157595035
    ],
    "train_acc": [
      0.8587828188509282,
      0.865868395034604,
      0.8706470394375481,
      0.873997583214325,
      0.8811380863451609,
      0.8788311545644293,
      0.8861913654839064,
      0.8909700098868505,
      0.8902010326266067,
      0.8925079644073383,
      0.8988794902779303,
      0.901186422058662,
      0.9037130616280347,
      0.9103592222344282,
      0.9071185323519719
    ],
    "val_loss": [
      0.17216946064168834,
      0.18686316089020463,
      0.16062022538721457,
      0.1462463897068597,
      0.1327490716491726,
      0.13814356619318677,
      0.1264936423390737,
      0.15272177275276771,
      0.13128831279455883,
      0.11727760040801942,
      0.11817738641649222,
      0.13702399518033112,
      0.13182131119190285,
      0.11380759625317552,
      0.09873717711659014
    ],
    "val_acc": [
      0.9360720562390158,
      0.929481546572935,
      0.9409050966608085,
      0.9466168717047452,
      0.9505711775043937,
      0.9492530755711776,
      0.9532073813708261,
      0.9463971880492091,
      0.9560632688927944,
      0.9569420035149385,
      0.961335676625659,
      0.952768014059754,
      0.9523286467486819,
      0.9580404217926186,
      0.9652899824253075
    ]
  },
  "best": {
    "val_acc": 0.9652899824253075,
    "epoch": 30
  },
  "detailed_metrics": {
    "16": {
      "class_metrics": {
        "precision": [
          0.9760589318600368,
          0.8995798319327731
        ],
        "recall": [
          0.8986858838490887,
          0.9762881896944824
        ],
        "f1": [
          0.9357757669388655,
          0.9363656243166412
        ],
        "false_negative_rate": [
          0.10131411615091135,
          0.02371181030551761
        ],
        "false_positive_rate": [
          0.023711810305517556,
          0.1013141161509114
        ],
        "support": [
          2359,
          2193
        ]
      },
      "macro_metrics": {
        "precision": 0.9378193818964049,
        "recall": 0.9374870367717856,
        "f1": 0.9360706956277534
      }
    },
    "17": {
      "class_metrics": {
        "precision": [
          0.9932236205227493,
          0.8765084473049075
        ],
        "recall": [
          0.8698601102161932,
          0.9936160510715915
        ],
        "f1": [
          0.9274576271186441,
          0.9313955973498611
        ],
        "false_negative_rate": [
          0.13013988978380675,
          0.006383948928408545
        ],
        "false_positive_rate": [
          0.006383948928408573,
          0.1301398897838067
        ],
        "support": [
          2359,
          2193
        ]
      },
      "macro_metrics": {
        "precision": 0.9348660339138284,
        "recall": 0.9317380806438924,
        "f1": 0.9294266122342526
      }
    },
    "18": {
      "class_metrics": {
        "precision": [
          0.9874067164179104,
          0.8995016611295681
        ],
        "recall": [
          0.897414158541755,
          0.987688098495212
        ],
        "f1": [
          0.940262047523873,
          0.9415344490328189
        ],
        "false_negative_rate": [
          0.10258584145824501,
          0.012311901504788003
        ],
        "false_positive_rate": [
          0.012311901504787962,
          0.10258584145824502
        ],
        "support": [
          2359,
          2193
        ]
      },
      "macro_metrics": {
        "precision": 0.9434541887737393,
        "recall": 0.9425511285184835,
        "f1": 0.9408982482783459
      }
    },
    "19": {
      "class_metrics": {
        "precision": [
          0.9770063119927863,
          0.9177377892030848
        ],
        "recall": [
          0.9186095803306485,
          0.9767441860465116
        ],
        "f1": [
          0.9469084553200786,
          0.9463220675944334
        ],
        "false_negative_rate": [
          0.08139041966935145,
          0.023255813953488413
        ],
        "false_positive_rate": [
          0.023255813953488372,
          0.08139041966935143
        ],
        "support": [
          2359,
          2193
        ]
      },
      "macro_metrics": {
        "precision": 0.9473720505979355,
        "recall": 0.94767688318858,
        "f1": 0.946615261457256
      }
    },
    "20": {
      "class_metrics": {
        "precision": [
          0.9767649687220733,
          0.92523768366465
        ],
        "recall": [
          0.9266638406104282,
          0.9762881896944824
        ],
        "f1": [
          0.9510550358929737,
          0.9500776569780341
        ],
        "false_negative_rate": [
          0.07333615938957183,
          0.02371181030551761
        ],
        "false_positive_rate": [
          0.023711810305517556,
          0.07333615938957186
        ],
        "support": [
          2359,
          2193
        ]
      },
      "macro_metrics": {
        "precision": 0.9510013261933616,
        "recall": 0.9514760151524553,
        "f1": 0.9505663464355039
      }
    },
    "21": {
      "class_metrics": {
        "precision": [
          0.98014440433213,
          0.9199486301369864
        ],
        "recall": [
          0.920729122509538,
          0.9799361605107159
        ],
        "f1": [
          0.9495081967213115,
          0.9489953632148377
        ],
        "false_negative_rate": [
          0.07927087749046202,
          0.02006383948928414
        ],
        "false_positive_rate": [
          0.020063839489284085,
          0.07927087749046206
        ],
        "support": [
          2359,
          2193
        ]
      },
      "macro_metrics": {
        "precision": 0.9500465172345582,
        "recall": 0.950332641510127,
        "f1": 0.9492517799680746
      }
    },
    "22": {
      "class_metrics": {
        "precision": [
          0.9890610756608933,
          0.9198473282442748
        ],
        "recall": [
          0.9198813056379822,
          0.9890560875512996
        ],
        "f1": [
          0.9532176586865803,
          0.9531970995385629
        ],
        "false_negative_rate": [
          0.0801186943620178,
          0.01094391244870041
        ],
        "false_positive_rate": [
          0.01094391244870041,
          0.08011869436201781
        ],
        "support": [
          2359,
          2193
        ]
      },
      "macro_metrics": {
        "precision": 0.9544542019525841,
        "recall": 0.954468696594641,
        "f1": 0.9532073791125716
      }
    },
    "23": {
      "class_metrics": {
        "precision": [
          0.9939280709948622,
          0.904189133139776
        ],
        "recall": [
          0.9020771513353115,
          0.9940720474236207
        ],
        "f1": [
          0.9457777777777778,
          0.947002606429192
        ],
        "false_negative_rate": [
          0.09792284866468848,
          0.005927952576379347
        ],
        "false_positive_rate": [
          0.005927952576379389,
          0.09792284866468842
        ],
        "support": [
          2359,
          2193
        ]
      },
      "macro_metrics": {
        "precision": 0.9490586020673191,
        "recall": 0.9480745993794661,
        "f1": 0.946390192103485
      }
    },