{
  "timestamp": "20250515_191510",
  "metrics": {
    "epochs": [
      31,
      32,
      33,
      34,
      35,
      36,
      37,
      38,
      39,
      40
    ],
    "train_loss": [
      0.2000857404165447,
      0.19744488411613392,
      0.20101209435831724,
      0.19192315363098564,
      0.1916522191397295,
      0.19016423994966042,
      0.17544335545936182,
      0.172949649492594,
      0.17992773592328024,
      0.17056633998578188
    ],
    "train_acc": [
      0.9116225420191145,
      0.9143139624299681,
      0.9112929803361529,
      0.9165659672635394,
      0.9160166977919367,
      0.9166758211578601,
      0.9222783697682083,
      0.9262331099637482,
      0.9221685158738877,
      0.925189497967703
    ],
    "val_loss": [
      0.10512872370244748,
      0.11874051925010966,
      0.12613942205696407,
      0.0983078394720236,
      0.11142751032417814,
      0.13977748917674349,
      0.11247103715639542,
      0.10367923447295944,
      0.10010428766282979,
      0.1189632379042348
    ],
    "val_acc": [
      0.9630931458699473,
      0.961555360281195,
      0.9578207381370826,
      0.9637521968365553,
      0.961555360281195,
      0.9525483304042179,
      0.9589191564147628,
      0.9650702987697716,
      0.9657293497363796,
      0.9586994727592267
    ]
  },
  "best": {
    "val_acc": 0.9657293497363796,
    "epoch": 39
  },
  "detailed_metrics": {
    "31": {
      "class_metrics": {
        "precision": [
          0.9892809289861545,
          0.9377431906614786
        ],
        "recall": [
          0.9389571852479864,
          0.9890560875512996
        ],
        "f1": [
          0.9634623749456286,
          0.96271637816245
        ],
        "false_negative_rate": [
          0.06104281475201356,
          0.01094391244870041
        ],
        "false_positive_rate": [
          0.01094391244870041,
          0.06104281475201356
        ],
        "support": [
          2359,
          2193
        ]
      },
      "macro_metrics": {
        "precision": 0.9635120598238165,
        "recall": 0.964006636399643,
        "f1": 0.9630893765540394
      }
    },
    "32": {
      "class_metrics": {
        "precision": [
          0.9932249322493225,
          0.9315654405474765
        ],
        "recall": [
          0.9321746502755405,
          0.9931600547195623
        ],
        "f1": [
          0.9617319046577739,
          0.9613771794305893
        ],
        "false_negative_rate": [
          0.06782534972445953,
          0.0068399452804377425
        ],
        "false_positive_rate": [
          0.006839945280437756,
          0.06782534972445951
        ],
        "support": [
          2359,
          2193
        ]
      },
      "macro_metrics": {
        "precision": 0.9623951863983995,
        "recall": 0.9626673524975513,
        "f1": 0.9615545420441816
      }
    },
    "33": {
      "class_metrics": {
        "precision": [
          0.9936218678815489,
          0.9244802715316079
        ],
        "recall": [
          0.9245442984315387,
          0.9936160510715915
        ],
        "f1": [
          0.9578392621870883,
          0.9578021978021978
        ],
        "false_negative_rate": [
          0.07545570156846126,
          0.006383948928408545
        ],
        "false_positive_rate": [
          0.006383948928408573,
          0.07545570156846121
        ],
        "support": [
          2359,
          2193
        ]
      },
      "macro_metrics": {
        "precision": 0.9590510697065784,
        "recall": 0.9590801747515652,
        "f1": 0.9578207299946431
      }
    },
    "34": {
      "class_metrics": {
        "precision": [
          0.9866903283052352,
          0.9412532637075718
        ],
        "recall": [
          0.9427723611699873,
          0.9863201094391245
        ],
        "f1": [
          0.9642315196184695,
          0.9632598530394122
        ],
        "false_negative_rate": [
          0.057227638830012695,
          0.013679890560875485
        ],
        "false_positive_rate": [
          0.013679890560875513,
          0.057227638830012716
        ],
        "support": [
          2359,
          2193
        ]
      },
      "macro_metrics": {
        "precision": 0.9639717960064035,
        "recall": 0.964546235304556,
        "f1": 0.9637456863289409
      }
    },
    "35": {
      "class_metrics": {
        "precision": [
          0.9802110817941952,
          0.9429323968393327
        ],
        "recall": [
          0.9448919033488766,
          0.9794801641586868
        ],
        "f1": [
          0.9622274983811785,
          0.9608588682621337
        ],
        "false_negative_rate": [
          0.05510809665112337,
          0.020519835841313228
        ],
        "false_positive_rate": [
          0.02051983584131327,
          0.05510809665112336
        ],
        "support": [
          2359,
          2193
        ]
      },
      "macro_metrics": {
        "precision": 0.961571739316764,
        "recall": 0.9621860337537818,
        "f1": 0.9615431833216561
      }
    },
    "36": {
      "class_metrics": {
        "precision": [
          0.997677659080353,
          0.9120466861192164
        ],
        "recall": [
          0.910555320050869,
          0.9977200182398541
        ],
        "f1": [
          0.9521276595744681,
          0.9529616724738676
        ],
        "false_negative_rate": [
          0.08944467994913097,
          0.002279981760145877
        ],
        "false_positive_rate": [
          0.002279981760145919,
          0.08944467994913098
        ],
        "support": [
          2359,
          2193
        ]
      },
      "macro_metrics": {
        "precision": 0.9548621725997847,
        "recall": 0.9541376691453616,
        "f1": 0.9525446660241679
      }
    },
    "37": {
      "class_metrics": {
        "precision": [
          0.9874326750448833,
          0.9315834767641996
        ],
        "recall": [
          0.9325985587113184,
          0.9872321021431828
        ],
        "f1": [
          0.9592326139088729,
          0.9586008412663272
        ],
        "false_negative_rate": [
          0.06740144128868164,
          0.0127678978568172
        ],
        "false_positive_rate": [
          0.012767897856817145,
          0.06740144128868164
        ],
        "support": [
          2359,
          2193
        ]
      },
      "macro_metrics": {
        "precision": 0.9595080759045415,
        "recall": 0.9599153304272505,
        "f1": 0.9589167275876
      }
    },
    "38": {
      "class_metrics": {
        "precision": [
          0.9915102770330653,
          0.9394987035436474
        ],
        "recall": [
          0.9406528189910979,
          0.9913360693114455
        ],
        "f1": [
          0.9654122253643681,
          0.9647215442644774
        ],
        "false_negative_rate": [
          0.05934718100890213,
          0.008663930688554533
        ],
        "false_positive_rate": [
          0.008663930688554491,
          0.05934718100890208
        ],
        "support": [
          2359,
          2193
        ]
      },
      "macro_metrics": {
        "precision": 0.9655044902883563,
        "recall": 0.9659944441512717,
        "f1": 0.9650668848144228
      }
    },
    "39": {
      "class_metrics": {
        "precision": [
          0.9906458797327394,
          0.94148244473342
        ],
        "recall": [
          0.9427723611699873,
          0.9904240766073872
        ],
        "f1": [
          0.9661164205039097,
          0.9653333333333334
        ],
        "false_negative_rate": [
          0.057227638830012695,
          0.009575923392612817
        ],
        "false_positive_rate": [
          0.009575923392612859,
          0.057227638830012716
        ],
        "support": [
          2359,
          2193
        ]
      },
      "macro_metrics": {
        "precision": 0.9660641622330797,