{
  "timestamp": "20250515_155532",
  "metrics": {
    "epochs": [
      1,
      2,
      3,
      4,
      5,
      6,
      7,
      8,
      9,
      10,
      11,
      12,
      13,
      14,
      15
    ],
    "train_loss": [
      0.6726628758678669,
      0.6391465559537942,
      0.608917705818649,
      0.5678443690649588,
      0.5411747053509477,
      0.5084768123977933,
      0.4767930487394464,
      0.45009837620836896,
      0.42020557918522916,
      0.40372191312403966,
      0.3748035073660107,
      0.35760277688444336,
      0.34550012120189055,
      0.3324529623757427,
      0.3173216920618983
    ],
    "train_acc": [
      0.5829946171591783,
      0.6303965725584972,
      0.6547292101504998,
      0.6982862792485993,
      0.7150389981324838,
      0.7386026584642426,
      0.7648577392068548,
      0.778369768208283,
      0.795232340986488,
      0.8079204657805119,
      0.8221465450950236,
      0.8342304734702846,
      0.83730638251126,
      0.8449961551136987,
      0.8532351971877403
    ],
    "val_loss": [
      0.6291992300843103,
      0.5803842851482921,
      0.533745969274132,
      0.513926775049032,
      0.4309929992695894,
      0.39855050747340093,
      0.34671255851881366,
      0.3080960373886859,
      0.2757524038241073,
      0.25815820112588744,
      0.24764548375652629,
      0.2221619609370173,
      0.20630913312908636,
      0.20172236129143956,
      0.19887572317425103
    ],
    "val_acc": [
      0.6531195079086116,
      0.687170474516696,
      0.7308875219683656,
      0.7445079086115993,
      0.8009666080843585,
      0.8187609841827768,
      0.8532513181019332,
      0.8690685413005272,
      0.8886203866432337,
      0.898725834797891,
      0.9015817223198594,
      0.9110281195079086,
      0.9204745166959578,
      0.9204745166959578,
      0.9237697715289982
    ]
  },
  "best": {
    "val_acc": 0.9237697715289982,
    "epoch": 15
  },
  "detailed_metrics": {
    "1": {
      "class_metrics": {
        "precision": [
          0.6839622641509434,
          0.626233552631579
        ],
        "recall": [
          0.6146672318779144,
          0.6944824441404469
        ],
        "f1": [
          0.647465952221478,
          0.6585945945945946
        ],
        "false_negative_rate": [
          0.3853327681220856,
          0.3055175558595531
        ],
        "false_positive_rate": [
          0.30551755585955315,
          0.3853327681220856
        ],
        "support": [
          2359,
          2193
        ]
      },
      "macro_metrics": {
        "precision": 0.6550979083912611,
        "recall": 0.6545748380091807,
        "f1": 0.6530302734080362
      }
    },
    "2": {
      "class_metrics": {
        "precision": [
          0.7517501346257405,
          0.6426716141001856
        ],
        "recall": [
          0.5917761763459093,
          0.7897856817145463
        ],
        "f1": [
          0.6622390891840607,
          0.7086743044189853
        ],
        "false_negative_rate": [
          0.4082238236540907,
          0.21021431828545367
        ],
        "false_positive_rate": [
          0.21021431828545373,
          0.4082238236540907
        ],
        "support": [
          2359,
          2193
        ]
      },
      "macro_metrics": {
        "precision": 0.697210874362963,
        "recall": 0.6907809290302278,
        "f1": 0.685456696801523
      }
    },
    "3": {
      "class_metrics": {
        "precision": [
          0.7946985446985447,
          0.6841704718417048
        ],
        "recall": [
          0.6481559983043662,
          0.8198814409484724
        ],
        "f1": [
          0.7139855241653047,
          0.7459033395561087
        ],
        "false_negative_rate": [
          0.3518440016956338,
          0.18011855905152763
        ],
        "false_positive_rate": [
          0.1801185590515276,
          0.35184400169563373
        ],
        "support": [
          2359,
          2193
        ]
      },
      "macro_metrics": {
        "precision": 0.7394345082701248,
        "recall": 0.7340187196264193,
        "f1": 0.7299444318607067
      }
    },
    "4": {
      "class_metrics": {
        "precision": [
          0.8756281407035176,
          0.6739864864864865
        ],
        "recall": [
          0.5909283594743535,
          0.9097127222982216
        ],
        "f1": [
          0.7056441407238674,
          0.7743062293809432
        ],
        "false_negative_rate": [
          0.4090716405256465,
          0.09028727770177836
        ],
        "false_positive_rate": [
          0.09028727770177838,
          0.4090716405256465
        ],
        "support": [
          2359,
          2193
        ]
      },
      "macro_metrics": {
        "precision": 0.774807313595002,
        "recall": 0.7503205408862876,
        "f1": 0.7399751850524052
      }
    },
    "5": {
      "class_metrics": {
        "precision": [
          0.8098081023454158,
          0.7915722700498414
        ],
        "recall": [
          0.8050021195421789,
          0.7966256269949841
        ],
        "f1": [
          0.8073979591836735,
          0.7940909090909091
        ],
        "false_negative_rate": [
          0.19499788045782107,
          0.20337437300501593
        ],
        "false_positive_rate": [
          0.20337437300501596,
          0.1949978804578211
        ],
        "support": [
          2359,
          2193
        ]
      },
      "macro_metrics": {
        "precision": 0.8006901861976286,
        "recall": 0.8008138732685814,
        "f1": 0.8007444341372913
      }
    },
    "6": {
      "class_metrics": {
        "precision": [
          0.9066808059384942,
          0.7565641410352588
        ],
        "recall": [
          0.7248834251801611,
          0.9197446420428637
        ],
        "f1": [
          0.8056537102473498,
          0.8302119777732043
        ],
        "false_negative_rate": [
          0.27511657481983887,
          0.08025535795713634
        ],
        "false_positive_rate": [
          0.08025535795713634,
          0.2751165748198389
        ],
        "support": [
          2359,
          2193
        ]
      },
      "macro_metrics": {
        "precision": 0.8316224734868765,
        "recall": 0.8223140336115125,
        "f1": 0.8179328440102771
      }
    },
    "7": {
      "class_metrics": {
        "precision": [
          0.909840038778478,
          0.8063479308959421
        ],
        "recall": [
          0.7956761339550658,
          0.9151846785225718
        ],
        "f1": [
          0.8489371325192221,
          0.8573259290901324
        ],
        "false_negative_rate": [
          0.20432386604493424,
          0.08481532147742821
        ],
        "false_positive_rate": [
          0.08481532147742818,
          0.2043238660449343
        ],
        "support": [
          2359,
          2193
        ]
      },
      "macro_metrics": {
        "precision": 0.85809398483721,
        "recall": 0.8554304062388187,
        "f1": 0.8531315308046772
      }
    },
    "8": {
      "class_metrics": {
        "precision": [
          0.9159981123171307,
          0.8281956432387998
        ],
        "recall": [
          0.8228062738448495,
          0.9188326493388053
        ],
        "f1": [
          0.8669048682447521,
          0.8711629917855599
        ],
        "false_negative_rate": [
          0.1771937261551505,
          0.08116735066119474
        ],
        "false_positive_rate": [
          0.08116735066119471,
          0.1771937261551505
        ],
        "support": [
          2359,
          2193
        ]
      },
      "macro_metrics": {
        "precision": 0.8720968777779652,
        "recall": 0.8708194615918274,
        "f1": 0.8690339300151559
      }
    },
    "9": {
      "class_metrics": {
        "precision": [
          0.9291010194624653,
          0.8521303258145363
        ],